id,category,tier,points,question,option_a,option_b,option_c,option_d,correct_index,correct_answer
culture-1-1,culture,1,100,"ما هي عاصمة المملكة العربية السعودية؟","جدة","الرياض","مكة","الدمام",1,"الرياض"
culture-1-2,culture,1,100,"كم عدد أيام الأسبوع؟","خمسة","ستة","سبعة","ثمانية",2,"سبعة"
culture-1-3,culture,1,100,"ما هي اللغة الرسمية في مصر؟","الإنجليزية","الفرنسية","العربية","التركية",2,"العربية"
culture-1-4,culture,1,100,"ما هو أكبر كوكب في المجموعة الشمسية؟","الأرض","المريخ","المشتري","زحل",2,"المشتري"
culture-1-5,culture,1,100,"كم عدد ألوان قوس قزح؟","خمسة","ستة","سبعة","ثمانية",2,"سبعة"
culture-1-6,culture,1,100,"ما هو الحيوان الذي يُلقب بسفينة الصحراء؟","الحصان","الجمل","الحمار","البغل",1,"الجمل"
culture-2-1,culture,2,200,"من هو مخترع المصباح الكهربائي؟","نيوتن","أينشتاين","أديسون","تسلا",2,"أديسون"
culture-2-2,culture,2,200,"ما هي أصغر قارة في العالم؟","أفريقيا","أوروبا","أستراليا","أمريكا الجنوبية",2,"أستراليا"
culture-2-3,culture,2,200,"كم عدد أسنان الإنسان البالغ؟","28","30","32","34",2,"32"
culture-2-4,culture,2,200,"ما هو العنصر الكيميائي الذي رمزه Au؟","الفضة","الذهب","النحاس","الحديد",1,"الذهب"
culture-2-5,culture,2,200,"في أي عام هبط الإنسان على سطح القمر؟","1965","1967","1969","1971",2,"1969"
culture-2-6,culture,2,200,"ما هي أطول نهر في العالم؟","الأمازون","النيل","المسيسيبي","اليانغتسي",1,"النيل"
culture-3-1,culture,3,300,"ما هو اسم الخط الوهمي الذي يقسم الأرض إلى نصفين؟","مدار السرطان","خط الاستواء","خط غرينتش","مدار الجدي",1,"خط الاستواء"
culture-3-2,culture,3,300,"من هو مؤلف كتاب ""المقدمة""؟","الجاحظ","ابن خلدون","ابن سينا","الفارابي",1,"ابن خلدون"
culture-3-3,culture,3,300,"ما هي الدولة التي لها أطول ساحل في العالم؟","أستراليا","روسيا","كندا","إندونيسيا",2,"كندا"
culture-3-4,culture,3,300,"كم عدد العظام في جسم الإنسان البالغ؟","186","196","206","216",2,"206"
culture-3-5,culture,3,300,"ما هي العملة الرسمية لليابان؟","يوان","ين","وون","رينغيت",1,"ين"
culture-3-6,culture,3,300,"من هو أول رائد فضاء عربي؟","فاروق الباز","سلطان بن سلمان","محمد فارس","هزاع المنصوري",1,"سلطان بن سلمان"
sport-1-1,sport,1,100,"كم عدد لاعبي فريق كرة القدم؟","9","10","11","12",2,"11"
sport-1-2,sport,1,100,"ما هي مدة شوط كرة القدم بالدقائق؟","30","35","40","45",3,"45"
sport-1-3,sport,1,100,"أي دولة فازت بكأس العالم 2022؟","فرنسا","البرازيل","الأرجنتين","كرواتيا",2,"الأرجنتين"
sport-1-4,sport,1,100,"ما اسم الدوري الإنجليزي الممتاز؟","لا ليغا","البريميرليغ","السيري آ","البوندسليغا",1,"البريميرليغ"
sport-1-5,sport,1,100,"في أي رياضة تُستخدم المضرب والريشة؟","التنس","البادمنتون","السكواش","تنس الطاولة",1,"البادمنتون"
sport-1-6,sport,1,100,"كم يبلغ طول ملعب كرة القدم تقريباً بالمتر؟","80","90","100","120",2,"100"
sport-2-1,sport,2,200,"من هو هداف كأس العالم التاريخي؟","بيليه","رونالدو","ميروسلاف كلوزه","جيرد مولر",2,"ميروسلاف كلوزه"
sport-2-2,sport,2,200,"كم مرة فازت البرازيل بكأس العالم؟","3","4","5","6",2,"5"
sport-2-3,sport,2,200,"في أي مدينة أُقيمت أول دورة أولمبية حديثة؟","لندن","باريس","أثينا","روما",2,"أثينا"
sport-2-4,sport,2,200,"ما هو الرقم القياسي لأسرع هدف في كأس العالم؟","8 ثوانٍ","11 ثانية","15 ثانية","20 ثانية",1,"11 ثانية"
sport-2-5,sport,2,200,"من هو أكثر لاعب فاز بالكرة الذهبية؟","رونالدو","ميسي","كرويف","زيدان",1,"ميسي"
sport-2-6,sport,2,200,"ما هي الرياضة الوطنية في الهند؟","كرة القدم","الكريكيت","الهوكي","البادمنتون",2,"الهوكي"
sport-3-1,sport,3,300,"كم يبلغ وزن كرة القدم القانونية بالجرام؟","350-390","410-450","460-500","510-550",1,"410-450"
sport-3-2,sport,3,300,"من أول فريق سعودي يفوز بدوري أبطال آسيا؟","الهلال","الاتحاد","الأهلي","الشباب",0,"الهلال"
sport-3-3,sport,3,300,"في أي عام أُقيمت أول بطولة كأس عالم؟","1926","1928","1930","1934",2,"1930"
sport-3-4,sport,3,300,"من هو أول لاعب كويتي يحترف في أوروبا؟","بدر المطوع","بشار عبدالله","جاسم الهويدي","فهد العنزي",0,"بدر المطوع"
sport-3-5,sport,3,300,"ما هو ارتفاع شبكة التنس بالسنتيمتر في الوسط؟","84","91.4","100","107",1,"91.4"
sport-3-6,sport,3,300,"كم عدد الميداليات الذهبية التي حصدها أوسين بولت؟","6","7","8","9",2,"8"
history-1-1,history,1,100,"متى فُتحت مكة المكرمة؟","6 هجري","7 هجري","8 هجري","9 هجري",2,"8 هجري"
history-1-2,history,1,100,"من هو أول خليفة راشد؟","عمر بن الخطاب","أبو بكر الصديق","عثمان بن عفان","علي بن أبي طالب",1,"أبو بكر الصديق"
history-1-3,history,1,100,"في أي قرن سقطت الأندلس؟","الثالث عشر","الرابع عشر","الخامس عشر","السادس عشر",2,"الخامس عشر"
history-1-4,history,1,100,"ما اسم أول جامعة في العالم الإسلامي؟","الأزهر","القرويين","الزيتونة","النظامية",1,"القرويين"
history-1-5,history,1,100,"من بنى الأهرامات في مصر؟","الرومان","الفراعنة","العرب","اليونان",1,"الفراعنة"
history-1-6,history,1,100,"ما اسم المعركة التي انتصر فيها صلاح الدين؟","اليرموك","القادسية","حطين","عين جالوت",2,"حطين"
history-2-1,history,2,200,"في أي عام تأسست دولة الكويت الحديثة؟","1752","1856","1899","1961",3,"1961"
history-2-2,history,2,200,"من هو القائد المسلم الذي فتح القسطنطينية؟","صلاح الدين","محمد الفاتح","طارق بن زياد","خالد بن الوليد",1,"محمد الفاتح"
history-2-3,history,2,200,"ما هو أقدم حضارة في بلاد الرافدين؟","الآشورية","البابلية","السومرية","الأكادية",2,"السومرية"
history-2-4,history,2,200,"في أي عام انتهت الحرب العالمية الثانية؟","1943","1944","1945","1946",2,"1945"
history-2-5,history,2,200,"من هو مؤسس الدولة الأموية؟","عبدالملك بن مروان","معاوية بن أبي سفيان","يزيد بن معاوية","مروان بن الحكم",1,"معاوية بن أبي سفيان"
history-2-6,history,2,200,"ما هو اسم أول سفينة فضاء مأهولة؟","أبولو","فوستوك","جيمناي","ميركوري",1,"فوستوك"
history-3-1,history,3,300,"في أي عام وُقّعت معاهدة سايكس بيكو؟","1914","1916","1918","1920",1,"1916"
history-3-2,history,3,300,"من هو آخر سلطان عثماني؟","عبدالحميد الثاني","محمد السادس","مراد الخامس","سليم الثالث",1,"محمد السادس"
history-3-3,history,3,300,"ما اسم المعركة البحرية الشهيرة عام 1571؟","ذات الصواري","ليبانتو","ترافالغار","سلاميس",1,"ليبانتو"
history-3-4,history,3,300,"كم سنة حكم العباسيون؟","300 سنة","400 سنة","500 سنة","600 سنة",2,"500 سنة"
history-3-5,history,3,300,"في أي عام اكتُشفت أمريكا؟","1490","1492","1495","1498",1,"1492"
history-3-6,history,3,300,"من هو أول من دار حول الكرة الأرضية؟","كولومبوس","ماجلان","فاسكو دا غاما","كوك",1,"ماجلان"
quran-1-1,quran,1,100,"ما هي أطول سورة في القرآن الكريم؟","آل عمران","البقرة","النساء","المائدة",1,"البقرة"
quran-1-2,quran,1,100,"كم عدد أركان الإسلام؟","ثلاثة","أربعة","خمسة","ستة",2,"خمسة"
quran-1-3,quran,1,100,"ما هي السورة التي تُقرأ في كل ركعة؟","الإخلاص","الفاتحة","الناس","الفلق",1,"الفاتحة"
quran-1-4,quran,1,100,"كم عدد سور القرآن الكريم؟","100","110","114","120",2,"114"
quran-1-5,quran,1,100,"ما هو أول شهر في التقويم الهجري؟","صفر","محرم","ربيع الأول","رجب",1,"محرم"
quran-1-6,quran,1,100,"من هو خاتم الأنبياء والمرسلين؟","عيسى","موسى","إبراهيم","محمد ﷺ",3,"محمد ﷺ"
quran-2-1,quran,2,200,"كم عدد أجزاء القرآن الكريم؟","20","25","30","35",2,"30"
quran-2-2,quran,2,200,"ما هي السورة التي تُسمى قلب القرآن؟","البقرة","يس","الرحمن","الملك",1,"يس"
quran-2-3,quran,2,200,"كم مرة ذُكر اسم النبي محمد في القرآن؟","مرتين","ثلاث مرات","أربع مرات","خمس مرات",2,"أربع مرات"
quran-2-4,quran,2,200,"ما هي السورة التي لا تبدأ بالبسملة؟","الفاتحة","البقرة","التوبة","يس",2,"التوبة"
quran-2-5,quran,2,200,"من هو النبي الذي ابتلعه الحوت؟","نوح","يونس","أيوب","إلياس",1,"يونس"
quran-2-6,quran,2,200,"كم عدد الصلوات المفروضة في اليوم؟","ثلاث","أربع","خمس","ست",2,"خمس"
quran-3-1,quran,3,300,"ما هي أقصر سورة في القرآن الكريم؟","الإخلاص","الكوثر","الفلق","الناس",1,"الكوثر"
quran-3-2,quran,3,300,"كم عدد آيات سورة البقرة؟","276","280","286","290",2,"286"
quran-3-3,quran,3,300,"ما هي السورة التي تُسمى عروس القرآن؟","يس","الرحمن","الملك","البقرة",1,"الرحمن"
quran-3-4,quran,3,300,"من هو النبي الملقب بذي النون؟","إلياس","يونس","إدريس","هود",1,"يونس"
quran-3-5,quran,3,300,"كم مرة ذُكرت كلمة ""الجنة"" في القرآن تقريباً؟","50","66","77","90",1,"66"
quran-3-6,quran,3,300,"ما هي السورة التي تعدل ثلث القرآن؟","الفاتحة","يس","الإخلاص","الملك",2,"الإخلاص"
gulf-1-1,gulf,1,100,"ما هي عملة دولة الكويت؟","الريال","الدرهم","الدينار","الجنيه",2,"الدينار"
gulf-1-2,gulf,1,100,"كم عدد الإمارات في دولة الإمارات؟","خمس","ست","سبع","ثمان",2,"سبع"
gulf-1-3,gulf,1,100,"ما هي أكبر دولة خليجية مساحةً؟","الكويت","عمان","السعودية","الإمارات",2,"السعودية"
gulf-1-4,gulf,1,100,"ما هو المشروب التقليدي في الخليج؟","الشاي الأخضر","القهوة العربية","العصير","الحليب",1,"القهوة العربية"
gulf-1-5,gulf,1,100,"ما اسم اللباس التقليدي الرجالي في الخليج؟","الثوب","الجلابية","القفطان","السروال",0,"الثوب"
gulf-1-6,gulf,1,100,"في أي دولة يقع برج خليفة؟","السعودية","الكويت","الإمارات","قطر",2,"الإمارات"
gulf-2-1,gulf,2,200,"ما اسم العملة القديمة قبل الدينار الكويتي؟","الروبية","القرش","الريال","الفلس",0,"الروبية"
gulf-2-2,gulf,2,200,"ما هي السنة التي استقلت فيها الكويت؟","1959","1960","1961","1962",2,"1961"
gulf-2-3,gulf,2,200,"ما هو اسم المجلس التقليدي في الكويت؟","المجلس","الديوانية","الملتقى","المنتدى",1,"الديوانية"
gulf-2-4,gulf,2,200,"أي مدينة سعودية تُلقب بعروس البحر الأحمر؟","الرياض","الدمام","جدة","المدينة",2,"جدة"
gulf-2-5,gulf,2,200,"ما هو اسم أشهر سوق تقليدي في الكويت؟","سوق واقف","سوق المباركية","سوق الذهب","سوق الحريم",1,"سوق المباركية"
gulf-2-6,gulf,2,200,"متى تأسس مجلس التعاون الخليجي؟","1979","1981","1983","1985",1,"1981"
gulf-3-1,gulf,3,300,"ما هو أول حقل نفطي اكتُشف في الكويت؟","الأحمدي","برقان","الروضتين","المقوع",1,"برقان"
gulf-3-2,gulf,3,300,"كم عدد جزر مملكة البحرين تقريباً؟","15","23","33","43",2,"33"
gulf-3-3,gulf,3,300,"ما اسم أقدم مسجد في الكويت؟","مسجد الدولة","المسجد الكبير","مسجد ابن بطوطة","مسجد الخليفة",0,"مسجد الدولة"
gulf-3-4,gulf,3,300,"في أي عام افتُتح جسر الملك فهد؟","1984","1986","1988","1990",1,"1986"
gulf-3-5,gulf,3,300,"ما هو اسم أول حاكم لإمارة الكويت؟","صباح الأول","مبارك الكبير","عبدالله الصباح","جابر الصباح",0,"صباح الأول"
gulf-3-6,gulf,3,300,"كم تبلغ مساحة دولة الكويت بالكيلومتر المربع تقريباً؟","13,000","15,000","17,818","20,000",2,"17,818"
science-1-1,science,1,100,"ما هو الغاز الذي نتنفسه؟","النيتروجين","الأكسجين","الهيدروجين","الهيليوم",1,"الأكسجين"
science-1-2,science,1,100,"كم عدد كواكب المجموعة الشمسية؟","6","7","8","9",2,"8"
science-1-3,science,1,100,"ما هو أقرب كوكب للشمس؟","الزهرة","عطارد","المريخ","الأرض",1,"عطارد"
science-1-4,science,1,100,"ما هي درجة غليان الماء؟","80°C","90°C","100°C","110°C",2,"100°C"
science-1-5,science,1,100,"ما هو أصلب مادة طبيعية؟","الحديد","الذهب","الألماس","النحاس",2,"الألماس"
science-1-6,science,1,100,"ما هو العضو المسؤول عن ضخ الدم؟","الرئة","الكبد","القلب","الكلى",2,"القلب"
science-2-1,science,2,200,"ما هو الرمز الكيميائي للماء؟","CO2","H2O","NaCl","O2",1,"H2O"
science-2-2,science,2,200,"كم تبلغ سرعة الضوء تقريباً بالكم/ث؟","200,000","250,000","300,000","350,000",2,"300,000"
science-2-3,science,2,200,"من هو مكتشف قوة الجاذبية؟","أينشتاين","نيوتن","غاليليو","كوبرنيكوس",1,"نيوتن"
science-2-4,science,2,200,"ما هو أكبر عضو في جسم الإنسان؟","الكبد","الرئة","الجلد","الأمعاء",2,"الجلد"
science-2-5,science,2,200,"ما هي وحدة قياس شدة التيار الكهربائي؟","فولت","أمبير","أوم","واط",1,"أمبير"
science-2-6,science,2,200,"كم عدد العناصر في الجدول الدوري تقريباً؟","100","108","118","125",2,"118"
science-3-1,science,3,300,"ما هو الحمض النووي الذي يحمل المعلومات الوراثية؟","RNA","DNA","ATP","ADP",1,"DNA"
science-3-2,science,3,300,"ما هي أثقل مادة طبيعية على الأرض؟","الذهب","البلاتين","الأوزميوم","الرصاص",2,"الأوزميوم"
science-3-3,science,3,300,"كم يبلغ عمر الأرض تقريباً بمليارات السنين؟","3.5","4.0","4.5","5.0",2,"4.5"
science-3-4,science,3,300,"ما هي الوحدة المستخدمة لقياس المقاومة الكهربائية؟","أمبير","فولت","أوم","واط",2,"أوم"
science-3-5,science,3,300,"ما اسم أول عنصر في الجدول الدوري؟","الهيليوم","الهيدروجين","الليثيوم","الكربون",1,"الهيدروجين"
science-3-6,science,3,300,"ما هو العالم المسلم الذي يُعتبر أبو الكيمياء؟","الخوارزمي","جابر بن حيان","ابن سينا","ابن الهيثم",1,"جابر بن حيان"
geo-1-1,geo,1,100,"ما هي أكبر قارة في العالم؟","أفريقيا","أمريكا الشمالية","آسيا","أوروبا",2,"آسيا"
geo-1-2,geo,1,100,"في أي قارة تقع مصر؟","آسيا","أوروبا","أفريقيا","أمريكا",2,"أفريقيا"
geo-1-3,geo,1,100,"ما هو أعلى جبل في العالم؟","كلمنجارو","إيفرست","مون بلان","K2",1,"إيفرست"
geo-1-4,geo,1,100,"ما هو أكبر محيط في العالم؟","الأطلسي","الهندي","الهادئ","المتجمد الشمالي",2,"الهادئ"
geo-1-5,geo,1,100,"ما هي عاصمة فرنسا؟","لندن","برلين","مدريد","باريس",3,"باريس"
geo-1-6,geo,1,100,"كم عدد القارات في العالم؟","5","6","7","8",2,"7"
geo-2-1,geo,2,200,"ما هو البحر الذي يفصل بين أوروبا وأفريقيا؟","الأحمر","المتوسط","الأسود","قزوين",1,"المتوسط"
geo-2-2,geo,2,200,"ما هي أكبر دولة في أفريقيا مساحةً؟","مصر","السودان","الجزائر","ليبيا",2,"الجزائر"
geo-2-3,geo,2,200,"في أي دولة يقع أعلى شلال في العالم؟","البرازيل","فنزويلا","الأرجنتين","كولومبيا",1,"فنزويلا"
geo-2-4,geo,2,200,"ما هي أصغر دولة في العالم؟","موناكو","الفاتيكان","سان مارينو","لوكسمبورغ",1,"الفاتيكان"
geo-2-5,geo,2,200,"ما هو أطول نهر في آسيا؟","الغانج","اليانغتسي","الميكونغ","السند",1,"اليانغتسي"
geo-2-6,geo,2,200,"ما هي الدولة العربية الوحيدة في أمريكا الجنوبية؟","لا توجد","سورينام","غيانا","البرازيل",0,"لا توجد"
geo-3-1,geo,3,300,"ما هو أعمق نقطة في المحيط؟","خندق ماريانا","خندق تونغا","خندق بورتوريكو","خندق الفلبين",0,"خندق ماريانا"
geo-3-2,geo,3,300,"كم عدد الدول العربية؟","18","20","22","24",2,"22"
geo-3-3,geo,3,300,"ما هي الدولة التي لها حدود مع أكبر عدد من الدول؟","روسيا","الصين","البرازيل","ألمانيا",1,"الصين"
geo-3-4,geo,3,300,"ما هو البحر الأكثر ملوحة في العالم؟","البحر الميت","البحر الأحمر","بحر قزوين","البحر الأسود",0,"البحر الميت"
geo-3-5,geo,3,300,"ما هي عاصمة كازاخستان؟","ألماتي","أستانا","بيشكك","طشقند",1,"أستانا"
geo-3-6,geo,3,300,"كم يبلغ محيط الكرة الأرضية تقريباً بالكيلومتر؟","30,000","35,000","40,075","45,000",2,"40,075"
food-1-1,food,1,100,"ما هي الأكلة الشهيرة في الكويت التي تُحضّر من الأرز واللحم؟","الكبسة","المچبوس","المندي","البرياني",1,"المچبوس"
food-1-2,food,1,100,"ما هو المكون الأساسي في الحمص؟","الفول","الحمص","العدس","اللوبيا",1,"الحمص"
food-1-3,food,1,100,"من أي بلد أصل البيتزا؟","فرنسا","إيطاليا","إسبانيا","اليونان",1,"إيطاليا"
food-1-4,food,1,100,"ما هو المشروب الساخن الأكثر شُرباً في العالم؟","القهوة","الشاي","الحليب","الكاكاو",1,"الشاي"
food-1-5,food,1,100,"ما هي الفاكهة التي تُسمى ملكة الفواكه؟","التفاح","المانجو","الفراولة","البرتقال",1,"المانجو"
food-1-6,food,1,100,"ما هو الطعام الرئيسي في اليابان؟","المعكرونة","الأرز","الخبز","البطاطا",1,"الأرز"
food-2-1,food,2,200,"ما هي الأكلة الكويتية المصنوعة من القمح واللحم المهروس؟","الهريس","الجريش","المطبق","القبوط",0,"الهريس"
food-2-2,food,2,200,"من أي دولة أصل طبق السوشي؟","الصين","كوريا","اليابان","تايلاند",2,"اليابان"
food-2-3,food,2,200,"ما هو التوابل الأغلى في العالم؟","الفلفل","الزعفران","القرفة","الكركم",1,"الزعفران"
food-2-4,food,2,200,"ما اسم الخبز الهندي التقليدي؟","التورتيلا","النان","الباغيت","الفوكاتشا",1,"النان"
food-2-5,food,2,200,"أي فيتامين يوجد بكثرة في البرتقال؟","A","B","C","D",2,"C"
food-2-6,food,2,200,"ما اسم الحلوى الخليجية المصنوعة من التمر والسمسم؟","الرنجينة","اللقيمات","البلاليط","الخنفروش",0,"الرنجينة"
food-3-1,food,3,300,"ما هي البهارات الأربعة الأساسية في المطبخ الكويتي؟","ملح، فلفل، كركم، بزار","ملح، فلفل، قرفة، هال","ملح، كمون، فلفل، بابريكا","ملح، زعتر، سماق، فلفل",0,"ملح، فلفل، كركم، بزار"
food-3-2,food,3,300,"من أي بلد أصل طبق الطاجين؟","تونس","الجزائر","المغرب","ليبيا",2,"المغرب"
food-3-3,food,3,300,"ما هي درجة حرارة فرن البيتزا الإيطالية التقليدية؟","200°C","300°C","400°C","480°C",3,"480°C"
food-3-4,food,3,300,"ما اسم الصلصة اليابانية المصنوعة من فول الصويا؟","واسابي","صويا صوص","ميسو","تيرياكي",1,"صويا صوص"
food-3-5,food,3,300,"كم عدد السعرات الحرارية تقريباً في كوب أرز مطبوخ؟","100","150","200","250",2,"200"
food-3-6,food,3,300,"ما هو الاسم الآخر للبامية في اللهجة الكويتية؟","الويكة","المرقوق","البامية","الملوخية",0,"الويكة"
drama-1-1,drama,1,100,"ما اسم المسلسل الكويتي الشهير عن الغوص؟","بوكريم","درب الزلق","الأصدقاء","ساهر الليل",0,"بوكريم"
drama-1-2,drama,1,100,"من هو بطل مسلسل ""باب الحارة""؟","تيم حسن","عابد فهد","باسم ياخور","وائل شرف",0,"تيم حسن"
drama-1-3,drama,1,100,"في أي بلد يُنتج مسلسل ""الهيبة""؟","مصر","سوريا","لبنان","الأردن",2,"لبنان"
drama-1-4,drama,1,100,"ما هو أشهر مسلسل كرتون عربي؟","غريندايزر","سندباد","كابتن ماجد","بكار",2,"كابتن ماجد"
drama-1-5,drama,1,100,"من هو الممثل الكويتي صاحب شخصية ""أم سعود""؟","طارق العلي","حسن البلام","عبدالحسين عبدالرضا","سعد الفرج",1,"حسن البلام"
drama-1-6,drama,1,100,"ما اسم أشهر مسلسل كوميدي كويتي؟","درب الزلق","خالتي قماشة","بوكريم","الأصدقاء",0,"درب الزلق"
drama-2-1,drama,2,200,"من هو مخرج فيلم ""ذيب"" الأردني؟","ناجي أبونوار","يوسف شاهين","هاني أبو أسعد","نادين لبكي",0,"ناجي أبونوار"
drama-2-2,drama,2,200,"ما اسم الممثلة الكويتية الشهيرة بدور ""أم العيال""؟","حياة الفهد","سعاد عبدالله","هدى حسين","مريم الغضبان",0,"حياة الفهد"
drama-2-3,drama,2,200,"في أي سنة عُرض أول فيلم عربي؟","1920","1926","1932","1940",1,"1926"
drama-2-4,drama,2,200,"ما اسم المسلسل الكوري الأشهر عربياً؟","بارازايت","لعبة الحبار","أرض المعجزات","الوريث",1,"لعبة الحبار"
drama-2-5,drama,2,200,"من هو صاحب مقولة ""يا عيني يا ليل"" في الدراما الكويتية؟","عبدالحسين عبدالرضا","سعد الفرج","محمد المنصور","غانم الصالح",0,"عبدالحسين عبدالرضا"
drama-2-6,drama,2,200,"ما هي أول قناة تلفزيونية كويتية؟","قناة العربي","تلفزيون الكويت","قناة الراي","قناة سكوب",1,"تلفزيون الكويت"
drama-3-1,drama,3,300,"كم عدد مواسم مسلسل ""Game of Thrones""؟","6","7","8","9",2,"8"
drama-3-2,drama,3,300,"من هو أول ممثل عربي يفوز بجائزة أوسكار؟","عمر الشريف","لم يفز أحد","راني المصري","زكي رستم",1,"لم يفز أحد"
drama-3-3,drama,3,300,"ما اسم أول مسلسل كويتي تلفزيوني؟","أرض الطيبين","بيت الأشباح","أولاد الشوارع","الغريب",0,"أرض الطيبين"
drama-3-4,drama,3,300,"في أي عام تأسس مهرجان كان السينمائي؟","1939","1946","1950","1955",1,"1946"
drama-3-5,drama,3,300,"ما هو الفيلم العربي الذي رُشح للأوسكار أكثر من مرة؟","الرسالة","عمر المختار","ذيب","كفرناحوم",3,"كفرناحوم"
drama-3-6,drama,3,300,"من هو مؤلف المسلسل الكويتي ""درب الزلق""؟","عبدالأمير التركي","عبدالحسين عبدالرضا","طارق العلي","صقر الرشود",0,"عبدالأمير التركي"
music-1-1,music,1,100,"من هي أم كلثوم؟","ممثلة","مطربة","شاعرة","رسامة",1,"مطربة"
music-1-2,music,1,100,"ما هي الآلة الموسيقية ذات الأوتار الشرقية الشهيرة؟","البيانو","العود","الناي","الطبل",1,"العود"
music-1-3,music,1,100,"من هو ""فنان العرب""؟","عبدالحليم حافظ","محمد عبده","كاظم الساهر","وائل كفوري",1,"محمد عبده"
music-1-4,music,1,100,"كم عدد أوتار الجيتار العادي؟","4","5","6","7",2,"6"
music-1-5,music,1,100,"من هو ""العندليب الأسمر""؟","فريد الأطرش","عبدالحليم حافظ","محمد فوزي","فيروز",1,"عبدالحليم حافظ"
music-1-6,music,1,100,"ما اسم الآلة الإيقاعية الشهيرة في الخليج؟","الطبلة","المرواس","الدف","الطار",1,"المرواس"
music-2-1,music,2,200,"من هو ملحن أغنية ""يا ظلام السجن""؟","رياض السنباطي","محمد القصبجي","محمد عبدالوهاب","بليغ حمدي",2,"محمد عبدالوهاب"
music-2-2,music,2,200,"ما هو الفن الشعبي الكويتي المصاحب للبحر؟","السامري","الفجري","العرضة","الخماري",1,"الفجري"
music-2-3,music,2,200,"في أي دولة نشأ فن الراب؟","فرنسا","أمريكا","بريطانيا","جامايكا",1,"أمريكا"
music-2-4,music,2,200,"من هو الفنان الكويتي الملقب بـ""عود الكويت""؟","عبدالله الرويشد","نبيل شعيل","عبدالكريم عبدالقادر","شادي الخليج",2,"عبدالكريم عبدالقادر"
music-2-5,music,2,200,"ما هي الموسيقى التي تُعزف في حفلات الزفاف الخليجية؟","الجاز","السامري","الأوبرا","الفلامنكو",1,"السامري"
music-2-6,music,2,200,"كم عدد مفاتيح البيانو الكاملة؟","66","76","88","96",2,"88"
music-3-1,music,3,300,"من هو مؤلف السيمفونية التاسعة الشهيرة؟","موزارت","باخ","بيتهوفن","شوبان",2,"بيتهوفن"
music-3-2,music,3,300,"ما هو المقام الموسيقي العربي الأكثر استخداماً؟","الحجاز","الراست","البياتي","النهاوند",1,"الراست"
music-3-3,music,3,300,"في أي عام صدرت أول أغنية مسجلة في الكويت؟","1927","1940","1951","1960",2,"1951"
music-3-4,music,3,300,"ما هو الإيقاع المميز لفن السامري؟","4/4","3/4","6/8","2/4",3,"2/4"
music-3-5,music,3,300,"من هو أول فنان كويتي يغني في الإذاعة؟","عبدالله فضالة","عوض دوخي","شادي الخليج","سعود الراشد",1,"عوض دوخي"
music-3-6,music,3,300,"ما اسم آلة النفخ الخشبية الشرقية؟","الناي","المزمار","الأرغن","الأكورديون",1,"المزمار"
jokes-1-1,jokes,1,100,"ما هو الشيء الذي كلما زاد نقص؟","المال","العمر","الماء","الطعام",1,"العمر"
jokes-1-2,jokes,1,100,"ما هو الشيء الذي يمشي بلا أرجل؟","الحصان","الساعة","السيارة","الدراجة",1,"الساعة"
jokes-1-3,jokes,1,100,"ما هو الشيء الذي يرى ولا عين له؟","المرآة","النافذة","الإبرة","الكاميرا",0,"المرآة"
jokes-1-4,jokes,1,100,"لماذا يذهب التلميذ للمدرسة؟","ليأكل","لينام","لأن المدرسة لا تأتي إليه","ليلعب",2,"لأن المدرسة لا تأتي إليه"
jokes-1-5,jokes,1,100,"ما هو الباب الذي لا يُفتح؟","باب البيت","باب الحمام","الباب المسدود","البواب",2,"الباب المسدود"
jokes-1-6,jokes,1,100,"شيء موجود في السماء وإذا أضفت حرفاً أصبح في الأرض؟","نجم/منجم","قمر/مقمر","شمس/مشمس","غيم/مغيم",0,"نجم/منجم"
jokes-2-1,jokes,2,200,"أنا لي أسنان ولا آكل، ما أنا؟","الحصان","المشط","المنشار","المفتاح",1,"المشط"
jokes-2-2,jokes,2,200,"ما هو الشيء الذي يدخل مبللاً ويخرج جافاً؟","المنشفة","الصابون","الخبز في الفرن","الملابس",2,"الخبز في الفرن"
jokes-2-3,jokes,2,200,"ما هو الشيء الذي له رقبة بلا رأس؟","الزرافة","القارورة","القميص","السلم",1,"القارورة"
jokes-2-4,jokes,2,200,"ما هو الشيء الذي لا يبتل مهما نزل المطر؟","الشمسية","البحر","السمكة","الحجر",1,"البحر"
jokes-2-5,jokes,2,200,"أخت خالك وليست خالتك، من هي؟","عمتك","جدتك","أمك","بنت خالك",2,"أمك"
jokes-2-6,jokes,2,200,"ما الشيء الذي تأكل منه ولا تأكله؟","الصحن","الملعقة","الشوكة","الكأس",0,"الصحن"
jokes-3-1,jokes,3,300,"ما هو العدد الذي إذا ضربته بنفسه أعطى نفس النتيجة إذا جمعته بنفسه؟","1","2","3","4",1,"2"
jokes-3-2,jokes,3,300,"أين يقع البحر بدون ماء؟","في الصحراء","على الخريطة","في الحلم","في الكتاب",1,"على الخريطة"
jokes-3-3,jokes,3,300,"ما هو الشيء الذي إذا أخذنا منه ازداد وكبر؟","الحفرة","المال","العلم","العمر",0,"الحفرة"
jokes-3-4,jokes,3,300,"ما الكلمة التي ينطقها كل سكان العالم بنفس اللفظ؟","ماما","بابا","آلو","أوكي",0,"ماما"
jokes-3-5,jokes,3,300,"يمشي بلا رجلين ويبكي بلا عينين، ما هو؟","الريح","السحاب","النهر","الشمعة",1,"السحاب"
jokes-3-6,jokes,3,300,"طاسة ترن في البحر لا إنس شافها ولا جن، ما هي؟","اللؤلؤة","السمكة","الصدفة","المرجان",0,"اللؤلؤة"
business-1-1,business,1,100,"ما هي عملة الولايات المتحدة؟","اليورو","الدولار","الجنيه","الين",1,"الدولار"
business-1-2,business,1,100,"ما اسم سوق الأسهم الكويتي؟","بورصة نيويورك","بورصة الكويت","ناسداك","سوق دبي",1,"بورصة الكويت"
business-1-3,business,1,100,"ما هي أغلى عملة في العالم؟","الدولار","اليورو","الدينار الكويتي","الجنيه الاسترليني",2,"الدينار الكويتي"
business-1-4,business,1,100,"ما هو الاسم الآخر للتجارة عبر الإنترنت؟","التجارة التقليدية","التجارة الإلكترونية","التجارة الحرة","تجارة الجملة",1,"التجارة الإلكترونية"
business-1-5,business,1,100,"من هو مؤسس شركة أمازون؟","بيل غيتس","جيف بيزوس","إيلون ماسك","مارك زوكربيرغ",1,"جيف بيزوس"
business-1-6,business,1,100,"ما هو البنك المركزي في الكويت؟","بيت التمويل","بنك الكويت المركزي","البنك الوطني","بنك برقان",1,"بنك الكويت المركزي"
business-2-1,business,2,200,"ما هو مؤشر داو جونز؟","مؤشر أسهم","عملة رقمية","بنك","شركة تأمين",0,"مؤشر أسهم"
business-2-2,business,2,200,"كم تبلغ نسبة الزكاة على المال؟","1%","2.5%","5%","10%",1,"2.5%"
business-2-3,business,2,200,"ما اسم أكبر شركة نفط في العالم؟","أرامكو","شل","بريتش بتروليوم","إكسون",0,"أرامكو"
business-2-4,business,2,200,"ما هو الناتج المحلي الإجمالي اختصاراً؟","GNP","GDP","GDI","GPP",1,"GDP"
business-2-5,business,2,200,"من هو رجل الأعمال المؤسس لشركة تسلا؟","جيف بيزوس","إيلون ماسك","ستيف جوبز","بيل غيتس",1,"إيلون ماسك"
business-2-6,business,2,200,"ما هي العملة الرقمية الأشهر؟","إيثريوم","بيتكوين","ريبل","لايتكوين",1,"بيتكوين"
business-3-1,business,3,300,"ما هو مبدأ العرض والطلب؟","زيادة العرض ترفع السعر","زيادة الطلب تخفض السعر","زيادة الطلب مع ثبات العرض ترفع السعر","لا علاقة بينهما",2,"زيادة الطلب مع ثبات العرض ترفع السعر"
business-3-2,business,3,300,"في أي عام تأسس صندوق النقد الدولي؟","1940","1944","1948","1952",1,"1944"
business-3-3,business,3,300,"ما هو أكبر بنك في الكويت من حيث الأصول؟","بنك الكويت الوطني","بيت التمويل الكويتي","بنك برقان","بنك الخليج",0,"بنك الكويت الوطني"
business-3-4,business,3,300,"ما معنى مصطلح ""التضخم""؟","ارتفاع قيمة العملة","انخفاض الأسعار","ارتفاع مستمر في الأسعار","ثبات الأسعار",2,"ارتفاع مستمر في الأسعار"
business-3-5,business,3,300,"كم تبلغ احتياطيات الكويت النفطية تقريباً بمليار برميل؟","50","75","101","130",2,"101"
business-3-6,business,3,300,"ما هو التنويع الاقتصادي الذي تسعى إليه رؤية السعودية 2030؟","الاعتماد على النفط أكثر","تقليل الاعتماد على النفط","إيقاف إنتاج النفط","بيع النفط بالتقسيط",1,"تقليل الاعتماد على النفط"
social-1-1,social,1,100,"ما هو تطبيق التواصل الأشهر في العالم؟","تيليجرام","واتساب","سناب شات","تويتر",1,"واتساب"
social-1-2,social,1,100,"ما هو اللون المميز لتطبيق فيسبوك؟","أحمر","أخضر","أزرق","أصفر",2,"أزرق"
social-1-3,social,1,100,"ما هي منصة مشاركة الفيديوهات القصيرة الأشهر؟","يوتيوب","تيك توك","إنستغرام","سناب شات",1,"تيك توك"
social-1-4,social,1,100,"ما هو الرمز # في السوشال ميديا؟","آت","هاشتاق","دولار","نجمة",1,"هاشتاق"
social-1-5,social,1,100,"من هو مؤسس فيسبوك؟","بيل غيتس","ستيف جوبز","مارك زوكربيرغ","جاك دورسي",2,"مارك زوكربيرغ"
social-1-6,social,1,100,"ما اسم تطبيق إيلون ماسك الذي كان يُسمى تويتر؟","ثريدز","X","بلوسكاي","ماستودون",1,"X"
social-2-1,social,2,200,"كم الحد الأقصى لطول فيديو تيك توك العادي بالدقائق؟","1","3","10","60",2,"10"
social-2-2,social,2,200,"ما معنى كلمة ""ترند""؟","إعلان","موضوع شائع","حساب وهمي","رسالة خاصة",1,"موضوع شائع"
social-2-3,social,2,200,"في أي عام تأسس يوتيوب؟","2003","2005","2007","2009",1,"2005"
social-2-4,social,2,200,"ما اسم خاصية البث المباشر في إنستغرام؟","ريلز","ستوري","لايف","آي جي تي في",2,"لايف"
social-2-5,social,2,200,"من هو أكثر شخص متابعةً على إنستغرام عربياً؟","محمد صلاح","محمد رمضان","جورجينا","هند القحطاني",0,"محمد صلاح"
social-2-6,social,2,200,"ما هو تطبيق المراسلة الأكثر استخداماً في الكويت؟","تيليجرام","واتساب","سناب شات","آي مسج",1,"واتساب"
social-3-1,social,3,300,"كم عدد مستخدمي فيسبوك النشطين شهرياً تقريباً بالمليار؟","1","2","3","4",2,"3"
social-3-2,social,3,300,"في أي جامعة تأسس فيسبوك؟","ستانفورد","MIT","هارفارد","ييل",2,"هارفارد"
social-3-3,social,3,300,"ما هو الـ NFT؟","عملة رقمية","رمز غير قابل للاستبدال","تطبيق تواصل","شبكة اتصال",1,"رمز غير قابل للاستبدال"
social-3-4,social,3,300,"ما هي خوارزمية السوشال ميديا؟","لغة برمجة","نظام ترتيب المحتوى","نوع إعلان","فلتر صور",1,"نظام ترتيب المحتوى"
social-3-5,social,3,300,"من أسس تطبيق سناب شات؟","جاك دورسي","إيفان شبيغل","كيفن سيستروم","يان كوم",1,"إيفان شبيغل"
social-3-6,social,3,300,"كم مليار مشاهدة يومية على يوتيوب تقريباً؟","1","3","5","8",2,"5"
ramadan-1-1,ramadan,1,100,"ما هو الشهر الذي يصوم فيه المسلمون؟","شعبان","رمضان","شوال","ذو الحجة",1,"رمضان"
ramadan-1-2,ramadan,1,100,"ما هو أول ما يُفطر عليه المسلم؟","ماء وتمر","أرز","لحم","فواكه",0,"ماء وتمر"
ramadan-1-3,ramadan,1,100,"ما اسم صلاة الليل في رمضان؟","الضحى","التهجد","التراويح","الوتر",2,"التراويح"
ramadan-1-4,ramadan,1,100,"ما اسم وجبة ما قبل الفجر في رمضان؟","الإفطار","الغداء","السحور","العشاء",2,"السحور"
ramadan-1-5,ramadan,1,100,"ما اسم ليلة القدر التي هي خير من ألف شهر؟","ليلة النصف","ليلة القدر","ليلة البراءة","ليلة الإسراء",1,"ليلة القدر"
ramadan-1-6,ramadan,1,100,"ما هو الشهر الذي يلي رمضان؟","شعبان","رجب","شوال","محرم",2,"شوال"
ramadan-2-1,ramadan,2,200,"في أي جزء من الشهر تكون ليلة القدر غالباً؟","أول عشر","وسط الشهر","العشر الأواخر","ليلة 15",2,"العشر الأواخر"
ramadan-2-2,ramadan,2,200,"ما هو المسحراتي؟","الذي يطبخ","الذي يوقظ الناس للسحور","الذي يؤذن","الذي يقرأ القرآن",1,"الذي يوقظ الناس للسحور"
ramadan-2-3,ramadan,2,200,"ما اسم الحلوى الرمضانية الشهيرة في الكويت؟","الكنافة","اللقيمات","القطايف","البسبوسة",1,"اللقيمات"
ramadan-2-4,ramadan,2,200,"كم عدد ركعات صلاة التراويح عادةً؟","8","10","20","8 أو 20",3,"8 أو 20"
ramadan-2-5,ramadan,2,200,"ما هو ""القرقيعان"" في الكويت؟","عيد ميلاد","احتفال أطفال منتصف رمضان","سوق شعبي","مسابقة دينية",1,"احتفال أطفال منتصف رمضان"
ramadan-2-6,ramadan,2,200,"ما هي كفارة إفطار رمضان عمداً؟","صيام يوم","صيام 3 أيام","صيام 60 يوماً","إطعام 10 مساكين",2,"صيام 60 يوماً"
ramadan-3-1,ramadan,3,300,"في أي سنة هجرية فُرض الصيام؟","1","2","3","4",1,"2"
ramadan-3-2,ramadan,3,300,"ما هي ""الفدية"" في الصيام؟","صيام يومين","إطعام مسكين عن كل يوم","صلاة ركعتين","قراءة جزء من القرآن",1,"إطعام مسكين عن كل يوم"
ramadan-3-3,ramadan,3,300,"ما اسم أول غزوة في الإسلام وقعت في رمضان؟","أحد","بدر","الخندق","حنين",1,"بدر"
ramadan-3-4,ramadan,3,300,"ما حكم من أكل ناسياً في نهار رمضان؟","يقضي","صيامه صحيح","يكفر","يعيد اليوم",1,"صيامه صحيح"
ramadan-3-5,ramadan,3,300,"كم عدد أبواب الجنة التي يدخل منها الصائمون؟","باب واحد","ثلاثة أبواب","باب الريان","جميع الأبواب",2,"باب الريان"
ramadan-3-6,ramadan,3,300,"ما هو الدعاء المأثور عند الإفطار؟","بسم الله","ذهب الظمأ وابتلت العروق","الحمد لله","اللهم لك صمت",1,"ذهب الظمأ وابتلت العروق"
travel-1-1,travel,1,100,"ما هو أشهر معلم سياحي في مصر؟","برج القاهرة","الأهرامات","المتحف المصري","النيل",1,"الأهرامات"
travel-1-2,travel,1,100,"في أي مدينة يوجد برج إيفل؟","لندن","باريس","روما","برلين",1,"باريس"
travel-1-3,travel,1,100,"ما هي أشهر وجهة سياحية في الإمارات؟","أبوظبي","دبي","الشارقة","رأس الخيمة",1,"دبي"
travel-1-4,travel,1,100,"ما اسم أكبر مطار في الكويت؟","مطار المبارك","مطار الكويت الدولي","مطار الأحمدي","مطار الجهراء",1,"مطار الكويت الدولي"
travel-1-5,travel,1,100,"ما هي عملة تركيا؟","الدينار","الدرهم","الليرة","اليورو",2,"الليرة"
travel-1-6,travel,1,100,"ما هو الجهاز المطلوب للسفر دولياً؟","بطاقة هوية","رخصة قيادة","جواز سفر","شهادة ميلاد",2,"جواز سفر"
travel-2-1,travel,2,200,"ما هو أطول مبنى في العالم؟","مركز شانغهاي","برج خليفة","أبراج الكويت","إمباير ستيت",1,"برج خليفة"
travel-2-2,travel,2,200,"في أي دولة يقع تاج محل؟","باكستان","الهند","بنغلادش","نيبال",1,"الهند"
travel-2-3,travel,2,200,"ما هي الجزيرة الإندونيسية الأشهر سياحياً؟","جاوة","بالي","سومطرة","بورنيو",1,"بالي"
travel-2-4,travel,2,200,"كم ساعة تقريباً من الكويت إلى لندن جواً؟","4","5","7","10",2,"7"
travel-2-5,travel,2,200,"ما اسم أشهر شارع تسوق في إسطنبول؟","تقسيم","الاستقلال","السلطان أحمد","بكر كوي",1,"الاستقلال"
travel-2-6,travel,2,200,"ما هي الدولة التي تضم أكثر المواقع التراثية لليونسكو؟","فرنسا","الصين","إيطاليا","إسبانيا",2,"إيطاليا"
travel-3-1,travel,3,300,"ما هو أقدم فندق في العالم ما زال يعمل؟","فندق نيشياما أونسن في اليابان","فندق ريتز لندن","فندق بلازا نيويورك","فندق رافلز سنغافورة",0,"فندق نيشياما أونسن في اليابان"
travel-3-2,travel,3,300,"كم عدد المناطق الزمنية في روسيا؟","7","9","11","13",2,"11"
travel-3-3,travel,3,300,"ما هي الدولة التي لم تستعمرها أي قوة أوروبية في أفريقيا؟","مصر","إثيوبيا","المغرب","نيجيريا",1,"إثيوبيا"
travel-3-4,travel,3,300,"ما اسم أعمق كهف في العالم؟","كهف كروبيرا","كهف مجلس الجن","كهف هيرد","كهف ليتشوغيلا",0,"كهف كروبيرا"
travel-3-5,travel,3,300,"كم تبلغ أطول رحلة طيران بلا توقف بالساعات تقريباً؟","14","17","19","22",2,"19"
travel-3-6,travel,3,300,"ما هي الدولة الأكثر زيارةً سياحياً في العالم؟","أمريكا","إسبانيا","فرنسا","إيطاليا",2,"فرنسا"
family-1-1,family,1,100,"كم عدد أصابع اليدين؟","ثمانية","عشرة","اثنا عشر","أربعة عشر",1,"عشرة"
family-1-2,family,1,100,"ما هو أول شيء يقوله المسلم عند ولادة طفله؟","الحمد لله","الأذان","بسم الله","التهنئة",1,"الأذان"
family-1-3,family,1,100,"ما اسم اللعبة الخليجية التقليدية للأطفال؟","الغميضة","التيلة","الدرباحة","الحجلة",2,"الدرباحة"
family-1-4,family,1,100,"ما هو عدد شهور الحمل؟","7","8","9","10",2,"9"
family-1-5,family,1,100,"ما اسم الوجبة الصحية التي يحتاجها الطفل يومياً؟","الحلويات","الوجبات السريعة","الفواكه والخضروات","المشروبات الغازية",2,"الفواكه والخضروات"
family-1-6,family,1,100,"من هو أول شخص يراه الطفل عادةً؟","أبوه","أمه","الطبيب","جده",1,"أمه"
family-2-1,family,2,200,"في أي عمر تقريباً يبدأ الطفل بالمشي؟","6 أشهر","9 أشهر","12 شهراً","18 شهراً",2,"12 شهراً"
family-2-2,family,2,200,"ما هو حق الزوجة على زوجها في الإسلام؟","النفقة والمعاملة الحسنة","الطاعة العمياء","العمل خارج البيت","الطبخ فقط",0,"النفقة والمعاملة الحسنة"
family-2-3,family,2,200,"ما هي العقيقة في الإسلام؟","هدية الزواج","ذبيحة عند الولادة","وليمة العيد","صدقة رمضان",1,"ذبيحة عند الولادة"
family-2-4,family,2,200,"كم عدد الأسنان اللبنية عند الطفل؟","16","18","20","24",2,"20"
family-2-5,family,2,200,"ما هي اللعبة الإلكترونية الأشهر عند الأطفال حالياً؟","ماريو","ماينكرافت","روبلوكس","فورتنايت",2,"روبلوكس"
family-2-6,family,2,200,"ما هو سن التمييز عند الطفل في الإسلام؟","5 سنوات","7 سنوات","9 سنوات","10 سنوات",1,"7 سنوات"
family-3-1,family,3,300,"ما هو عدد الكروموسومات في الإنسان؟","23","44","46","48",2,"46"
family-3-2,family,3,300,"ما هي نسبة الذكاء الطبيعية عند الأطفال IQ؟","70-85","85-115","115-130","130-145",1,"85-115"
family-3-3,family,3,300,"في أي عمر يبدأ الطفل بالكلام عادةً؟","6 أشهر","12 شهراً","18 شهراً","24 شهراً",1,"12 شهراً"
family-3-4,family,3,300,"ما هي مراحل نمو الطفل حسب بياجيه؟","مرحلتان","ثلاث مراحل","أربع مراحل","خمس مراحل",2,"أربع مراحل"
family-3-5,family,3,300,"كم ساعة نوم يحتاجها الطفل حديث الولادة يومياً؟","8-10","12-14","16-17","20-22",2,"16-17"
family-3-6,family,3,300,"ما هو الهرمون المسؤول عن النمو عند الأطفال؟","الأنسولين","التستوستيرون","هرمون النمو GH","الثيروكسين",2,"هرمون النمو GH"
culture-4-7,culture,4,400,"كم يبلغ ارتفاع برج خليفة بالمتر؟","728","828","928","1028",1,"828"
culture-4-8,culture,4,400,"ما عدد الكواكب في المجموعة الشمسية حسب تعريف 2006؟","7","8","9","10",1,"8"
culture-5-7,culture,5,500,"من هو الفيلسوف القائل ""أنا أفكر إذن أنا موجود""؟","سقراط","أرسطو","أفلاطون","ديكارت",3,"ديكارت"
culture-5-8,culture,5,500,"ما أصغر عظمة في جسم الإنسان؟","عظمة الرسغ","عظمة الركاب","عظمة الإصبع","الضلع الأخير",1,"عظمة الركاب"
culture-6-7,culture,6,600,"في أي قرن اخترع غوتنبرغ المطبعة؟","القرن الثالث عشر","القرن الرابع عشر","القرن الخامس عشر","القرن السادس عشر",2,"القرن الخامس عشر"
culture-6-8,culture,6,600,"ما اسم ظاهرة تغيّر تردد الصوت بسبب حركة المصدر؟","ظاهرة دوبلر","ظاهرة كيرشهوف","ظاهرة نيوتن","ظاهرة ماكسويل",0,"ظاهرة دوبلر"
sport-4-7,sport,4,400,"كم عدد لاعبي كرة السلة في الملعب من كل فريق؟","4","5","6","7",1,"5"
sport-4-8,sport,4,400,"كم مرة فازت البرازيل بكأس العالم؟","3","4","5","6",2,"5"
sport-5-7,sport,5,500,"من هو أكثر لاعب فوزاً ببطولة ويمبلدون للتنس؟","سامبراس","ديوكوفيتش","فيديرر","ماكنرو",2,"فيديرر"
sport-5-8,sport,5,500,"كم يبلغ طول ملعب كرة السلة الرسمي بالمتر؟","24","26","28","30",2,"28"
sport-6-7,sport,6,600,"ما هو أسرع وقت تم فيه تسجيل هدف في كأس العالم؟","8.1 ثانية","10.8 ثانية","15 ثانية","20 ثانية",0,"8.1 ثانية"
sport-6-8,sport,6,600,"كم عدد ميداليات مايكل فيلبس الأولمبية الذهبية؟","18","20","23","28",2,"23"
history-4-7,history,4,400,"في أي سنة ميلادية فُتحت القسطنطينية؟","1349","1453","1517","1571",1,"1453"
history-4-8,history,4,400,"في أي حادثة اشتعلت الحرب العالمية الأولى؟","غزو بولندا","اغتيال الأرشيدوق فرانز فرديناند","هجوم بيرل هاربر","أزمة السويس",1,"اغتيال الأرشيدوق فرانز فرديناند"
history-5-7,history,5,500,"كم عاماً استمرت الحرب المئة سنة بين إنجلترا وفرنسا؟","80","100","116","150",2,"116"
history-5-8,history,5,500,"من هو القائد الروماني الذي اغتيل في مجلس الشيوخ عام 44 ق.م؟","مارك أنطونيو","يوليوس قيصر","أوغسطس","نيرون",1,"يوليوس قيصر"
history-6-7,history,6,600,"في أي عام أُسّست الدولة العثمانية؟","1299","1350","1400","1453",0,"1299"
history-6-8,history,6,600,"ما اسم المعركة التي أنهت حكم نابليون بونابرت نهائياً؟","أوسترليتز","بورودينو","ووترلو","لايبزيغ",2,"ووترلو"
quran-4-7,quran,4,400,"ما أطول آية في القرآن الكريم؟","آية الكرسي","آية الدين","آية المواريث","آية الصداق",1,"آية الدين"
quran-4-8,quran,4,400,"كم عدد أنبياء الله المذكورين في القرآن الكريم؟","20","25","30","35",1,"25"
quran-5-7,quran,5,500,"ما هي أول آية نزلت من القرآن الكريم؟","الفاتحة","اقرأ باسم ربك","يا أيها المدثر","بسم الله",1,"اقرأ باسم ربك"
quran-5-8,quran,5,500,"في أي سورة ذُكرت قصة أصحاب الكهف؟","يوسف","الكهف","مريم","طه",1,"الكهف"
quran-6-7,quran,6,600,"كم عدد حروف القرآن الكريم تقريباً؟","230,000","310,000","340,000","400,000",1,"310,000"
quran-6-8,quran,6,600,"ما اسم السورة التي بدأت بحروف مقطعة ""الم"" وهي الأطول؟","آل عمران","البقرة","النساء","الأعراف",1,"البقرة"
gulf-4-7,gulf,4,400,"ما عاصمة سلطنة عُمان؟","صلالة","مسقط","نزوى","صحار",1,"مسقط"
gulf-4-8,gulf,4,400,"كم يبلغ ارتفاع برج خليفة؟","728م","828م","928م","1028م",1,"828م"
gulf-5-7,gulf,5,500,"ما اسم الجسر الذي يربط البحرين بالمملكة العربية السعودية؟","جسر الشيخ زايد","جسر الملك فهد","جسر الملك عبدالله","جسر القدير",1,"جسر الملك فهد"
gulf-5-8,gulf,5,500,"في أي عام انضمت الإمارات لمنظمة أوبك؟","1967","1971","1974","1980",2,"1974"
gulf-6-7,gulf,6,600,"ما اسم أول معرض إكسبو دولي استضافته دولة عربية؟","إكسبو دبي 2020","إكسبو الرياض 2030","إكسبو أبوظبي","إكسبو الكويت",0,"إكسبو دبي 2020"
gulf-6-8,gulf,6,600,"كم عدد الدول التي تعترف بها دولة الكويت كحدود بحرية؟","2","3","4","5",1,"3"
science-4-7,science,4,400,"ما الرمز الكيميائي للحديد؟","Ir","Fe","Au","Ni",1,"Fe"
science-4-8,science,4,400,"ما اسم العالم الذي اكتشف نظرية الانتقاء الطبيعي؟","لامارك","داروين","مندل","هايزنبرغ",1,"داروين"
science-5-7,science,5,500,"كم عدد أسنان الحكمة في فم الإنسان؟","2","4","6","8",1,"4"
science-5-8,science,5,500,"ما هي أصغر وحدة بيولوجية في الكائن الحي؟","الجزيء","الذرة","الخلية","الأنسجة",2,"الخلية"
science-6-7,science,6,600,"كم تقريباً عدد نيوكليوتيدات الجينوم البشري؟","1 مليار","3 مليار","10 مليار","30 مليار",1,"3 مليار"
science-6-8,science,6,600,"ما اسم الجسيم الأولي المسؤول عن كسر التناظر بين المادة والمادة المضادة؟","الهيغز بوزون","الكوارك","البوزيترون","الغلوون",0,"الهيغز بوزون"
geo-4-7,geo,4,400,"ما عاصمة أستراليا؟","سيدني","ملبورن","كانبيرا","بريزبن",2,"كانبيرا"
geo-4-8,geo,4,400,"ما أطول نهر في أمريكا الجنوبية؟","بارانا","الأمازون","أورينوكو","ساو فرانسيسكو",1,"الأمازون"
geo-5-7,geo,5,500,"كم عدد دول أمريكا الجنوبية؟","10","12","14","16",1,"12"
geo-5-8,geo,5,500,"ما أعمق بحيرة في أفريقيا؟","فيكتوريا","مالاوي","تنغانيقا","تشاد",2,"تنغانيقا"
geo-6-7,geo,6,600,"ما اسم أعمق بحيرة في العالم؟","تيتيكاكا","بايكال","فيكتوريا","سوبيريور",1,"بايكال"
geo-6-8,geo,6,600,"كم محيط للكرة الأرضية عند خط الاستواء بالكيلومتر؟","35,000","38,000","40,075","42,000",2,"40,075"
food-4-7,food,4,400,"من أي نبات يُستخرج الشوكولاتة؟","القهوة","الكاكاو","التوت","الفانيليا",1,"الكاكاو"
food-4-8,food,4,400,"ما أصل طبق المنسف الشهير؟","فلسطين","الأردن","السعودية","سوريا",1,"الأردن"
food-5-7,food,5,500,"كم درجة فرن البيتزا الإيطالية الحطب التقليدي تقريباً؟","200°C","300°C","400°C","480°C",3,"480°C"
food-5-8,food,5,500,"ما اسم الصلصة اليابانية المصنوعة من فول الصويا؟","واسابي","ميسو","صويا صوص","تيرياكي",2,"صويا صوص"
food-6-7,food,6,600,"كم سعرة حرارية تقريباً في 100 غرام زيت زيتون؟","500","700","884","1000",2,"884"
food-6-8,food,6,600,"ما اسم عملية تحويل السكر إلى كحول بالخميرة؟","التقطير","التخمر","التبريد","التجميد",1,"التخمر"
drama-4-7,drama,4,400,"في كم موسم يتكون مسلسل Breaking Bad؟","4","5","6","7",1,"5"
drama-4-8,drama,4,400,"من هو بطل الفيلم الكوريJi مسلسل ""لعبة الحبار""؟","لي جونغ جاي","باك هاي سو","وو جي هو","كيم يون جي",0,"لي جونغ جاي"
drama-5-7,drama,5,500,"كم حلقة في مسلسل ""فريندز"" (Friends) إجمالاً؟","200","228","236","300",2,"236"
drama-5-8,drama,5,500,"ما اسم أشهر مسرحية لعادل إمام؟","الزعيم","مدرسة المشاغبين","شاهد ما شافش حاجة","عيال حبيبة",1,"مدرسة المشاغبين"
drama-6-7,drama,6,600,"ما اسم أطول مسلسل أنيمي ياباني على الإطلاق؟","ناروتو","ون بيس","دراغون بول","سيلور مون",1,"ون بيس"
drama-6-8,drama,6,600,"في أي عام تأسس مهرجان كان السينمائي؟","1939","1946","1950","1955",1,"1946"
music-4-7,music,4,400,"من هو مؤلف السيمفونية التاسعة؟","موزارت","باخ","بيتهوفن","شوبان",2,"بيتهوفن"
music-4-8,music,4,400,"ما عدد مفاتيح البيانو الكاملة؟","66","76","88","96",2,"88"
music-5-7,music,5,500,"ما اسم أشهر مقام موسيقي عربي في الأغاني الحزينة؟","مقام الراست","مقام الحجاز","مقام البياتي","مقام النهاوند",2,"مقام البياتي"
music-5-8,music,5,500,"ما عدد نغمات السلم الموسيقي الكروماتيكي؟","7","10","12","14",2,"12"
music-6-7,music,6,600,"ما هو اسم البنية الموسيقية التي تقوم عليها قصائد أم كلثوم الطويلة؟","المقام العربي","الموشح","القصيدة المرسلة","الدور",3,"الدور"
music-6-8,music,6,600,"من هو مخترع نظام التدوين الموسيقي الغربي الحديث؟","باخ","موزارت","غيدو داريتسو","بيتهوفن",2,"غيدو داريتسو"
jokes-4-7,jokes,4,400,"ما العدد الذي يعطي نفس النتيجة سواء ضربته في نفسه أو جمعته؟","0","1","2","4",2,"2"
jokes-4-8,jokes,4,400,"أين البحر بلا ماء؟","الصحراء","على الخريطة","في الأحلام","في الكتاب",1,"على الخريطة"
jokes-5-7,jokes,5,500,"ما الشيء الذي إذا أخذت منه ازداد؟","الجبل","الحفرة","الماء","النار",1,"الحفرة"
jokes-5-8,jokes,5,500,"من هو مخترع شخصية ""مستر بين"" الكوميدية؟","بيتر سيلرز","روان أتكينسون","جون كليز","مايكل باللين",1,"روان أتكينسون"
jokes-6-7,jokes,6,600,"كم حلقة في مسلسل Seinfeld الكوميدي؟","150","170","180","200",2,"180"
jokes-6-8,jokes,6,600,"من كتب رواية ""غوليفر"" الساخرة؟","مارك توين","جوناثان سويفت","أوسكار وايلد","تشارلز ديكنز",1,"جوناثان سويفت"
business-4-7,business,4,400,"ما أكبر شركة في العالم من حيث القيمة السوقية 2024؟","مايكروسوفت","أرامكو","آبل","إنفيديا",2,"آبل"
business-4-8,business,4,400,"ما اسم أقدم بورصة في العالم ما زالت تعمل؟","نيويورك","لندن","أمستردام","طوكيو",2,"أمستردام"
business-5-7,business,5,500,"كم تبلغ نسبة الضريبة على القيمة المضافة في السعودية؟","5%","10%","15%","20%",2,"15%"
business-5-8,business,5,500,"ما معنى ""مؤشر أسعار المستهلك"" (CPI)؟","قياس البطالة","قياس التضخم","قياس الناتج المحلي","قياس الصادرات",1,"قياس التضخم"
business-6-7,business,6,600,"ما اسم نظرية الاقتصادي آدم سميث عن تحديد القيمة؟","نظرية الطلب","نظرية اليد الخفية","نظرية الفيض","نظرية كينز",1,"نظرية اليد الخفية"
business-6-8,business,6,600,"في أي عام تأسس صندوق النقد الدولي رسمياً؟","1940","1944","1948","1952",1,"1944"
social-4-7,social,4,400,"ما أكثر اسم شائع للذكور في العالم العربي؟","أحمد","محمد","علي","عمر",1,"محمد"
social-4-8,social,4,400,"كم الحد الأقصى لطول فيديو تيك توك بالدقائق حالياً؟","3","5","10","60",2,"10"
social-5-7,social,5,500,"كم مليار مستخدم نشط شهرياً على واتساب تقريباً؟","1","2","3","4",1,"2"
social-5-8,social,5,500,"في أي جامعة تأسست شبكة فيسبوك؟","ستانفورد","MIT","هارفارد","ييل",2,"هارفارد"
social-6-7,social,6,600,"ما هو تطبيق Meta المنافس لـ X (تويتر) الذي أُطلق عام 2023؟","ثريدز","بيانس","بلوسكاي","ماستودون",0,"ثريدز"
social-6-8,social,6,600,"كم عدد ساعات الفيديو المرفوعة على يوتيوب كل دقيقة تقريباً؟","100 ساعة","200 ساعة","500 ساعة","1000 ساعة",2,"500 ساعة"
ramadan-4-7,ramadan,4,400,"ما أول طعام أوصى النبي ﷺ بالفطر عليه؟","الماء","التمر","الخبز","الحليب",1,"التمر"
ramadan-4-8,ramadan,4,400,"ما اسم ليلة احتفال أطفال الكويت في منتصف رمضان؟","ليلة القدر","ليلة القرقيعان","ليلة الوقفة","ليلة الحناء",1,"ليلة القرقيعان"
ramadan-5-7,ramadan,5,500,"ما كفارة من أفطر متعمداً في رمضان بدون عذر؟","صيام يوم","صيام 3 أيام","صيام شهرين أو إطعام 60 مسكيناً","صدقة فقط",2,"صيام شهرين أو إطعام 60 مسكيناً"
ramadan-5-8,ramadan,5,500,"في أي غزوة انتصر المسلمون في رمضان وكانت أولى الغزوات؟","أحد","بدر","الخندق","حنين",1,"بدر"
ramadan-6-7,ramadan,6,600,"ما اسم باب الجنة المخصص للصائمين؟","باب الصلاة","باب الريان","باب الصدقة","باب العلم",1,"باب الريان"
ramadan-6-8,ramadan,6,600,"كم يوماً صام النبي ﷺ في رمضانات حياته كلها تقريباً؟","270","300","324","360",0,"270"
travel-4-7,travel,4,400,"ما أكبر مطار في العالم مساحةً؟","مطار دبي","مطار أتلانتا","مطار الملك فهد بالدمام","مطار بكين",2,"مطار الملك فهد بالدمام"
travel-4-8,travel,4,400,"ما اسم أطول سكة حديد في العالم؟","سكة الصين","السيبيرية العابرة","السكة الأمريكية","السكة الأسترالية",1,"السيبيرية العابرة"
travel-5-7,travel,5,500,"كم منطقة زمنية في روسيا؟","7","9","11","13",2,"11"
travel-5-8,travel,5,500,"ما أطول رحلة طيران مباشرة في العالم؟","سنغافورة-نيويورك","دبي-سيدني","لندن-سيدني","طوكيو-لندن",0,"سنغافورة-نيويورك"
travel-6-7,travel,6,600,"ما اسم أقدم فندق في العالم ما زال يعمل؟","فندق نيشياما أونسن كيئونكان - اليابان","فندق ريتز لندن","فندق پلازا نيويورك","فندق رافلز سنغافورة",0,"فندق نيشياما أونسن كيئونكان - اليابان"
travel-6-8,travel,6,600,"كم عدد مواقع التراث العالمي لليونسكو في الدول العربية تقريباً؟","30","50","70","90",1,"50"
family-4-7,family,4,400,"في أي عمر تقريباً يبدأ الطفل بالكلام بجمل كاملة؟","12 شهراً","18 شهراً","24-30 شهراً","36 شهراً",2,"24-30 شهراً"
family-4-8,family,4,400,"كم عدد الكروموسومات في خلايا الإنسان؟","23","44","46","48",2,"46"
family-5-7,family,5,500,"ما هي معدل الخصوبة اللازم للحفاظ على عدد السكان؟","1.5 طفل","2.0 طفل","2.1 طفل","3.0 طفل",2,"2.1 طفل"
family-5-8,family,5,500,"من طور نظرية هرم الاحتياجات الإنسانية؟","فرويد","يونغ","ماسلو","بياجيه",2,"ماسلو"
family-6-7,family,6,600,"كم مرحلة في نظرية النمو المعرفي عند بياجيه؟","2","3","4","5",2,"4"
family-6-8,family,6,600,"ما اسم هرمون الارتباط العاطفي الذي يُفرز عند الأم أثناء الرضاعة؟","الإستروجين","الأوكسيتوسين","الدوبامين","السيروتونين",1,"الأوكسيتوسين"
kuwait_history-1-1,kuwait_history,1,100,"في أي سنة نالت الكويت استقلالها؟","1952","1961","1971","1981",1,"1961"
kuwait_history-1-2,kuwait_history,1,100,"ما هي عاصمة الكويت؟","الفحيحيل","الجهراء","مدينة الكويت","حولي",2,"مدينة الكويت"
kuwait_history-2-1,kuwait_history,2,200,"من هو مؤسس إمارة الكويت؟","الشيخ جابر","الشيخ صباح الأول","الشيخ مبارك","الشيخ أحمد",1,"الشيخ صباح الأول"
kuwait_history-2-2,kuwait_history,2,200,"في أي عام اكتُشف النفط في الكويت؟","1928","1934","1938","1946",2,"1938"
kuwait_history-3-1,kuwait_history,3,300,"في أي عام صدر الدستور الكويتي؟","1959","1962","1965","1968",1,"1962"
kuwait_history-3-2,kuwait_history,3,300,"ما اسم أول مجلس أمة كويتي؟","المجلس الوطني","المجلس التشريعي","مجلس الأمة","المجلس الاستشاري",2,"مجلس الأمة"
kuwait_history-4-1,kuwait_history,4,400,"في أي تاريخ غزا صدام حسين الكويت؟","أغسطس 1989","أغسطس 1990","يناير 1991","فبراير 1991",1,"أغسطس 1990"
kuwait_history-4-2,kuwait_history,4,400,"ما اسم العملية العسكرية التي حررت الكويت؟","عاصفة الصحراء","درع الصحراء","السيف","الفجر",0,"عاصفة الصحراء"
kuwait_history-5-1,kuwait_history,5,500,"كم يوماً دامت الحرب لتحرير الكويت براً؟","50","100","4","7",2,"4"
kuwait_history-5-2,kuwait_history,5,500,"من هو أمير الكويت الذي قاد البلاد وقت الغزو؟","الشيخ جابر الأحمد","الشيخ صباح الأحمد","الشيخ سعد العبدالله","الشيخ صباح السالم",0,"الشيخ جابر الأحمد"
kuwait_history-6-1,kuwait_history,6,600,"كم عدد المقاعد في مجلس الأمة الكويتي؟","40","50","60","65",1,"50"
kuwait_history-6-2,kuwait_history,6,600,"في أي عام أُنشئت شركة نفط الكويت؟","1934","1946","1960","1938",0,"1934"
kuwait_dialect-1-1,kuwait_dialect,1,100,"ماذا تعني كلمة ""شلونك"" بالعربي الفصيح؟","وين أنت","كيف حالك","شو اسمك","وين تروح",1,"كيف حالك"
kuwait_dialect-1-2,kuwait_dialect,1,100,"ماذا يعني ""يهال"" بالكويتي؟","رجال","أطفال","نساء","شباب",1,"أطفال"
kuwait_dialect-2-1,kuwait_dialect,2,200,"ماذا يعني ""وايد"" بالكويتي؟","قليل","واحد","كثير","بعيد",2,"كثير"
kuwait_dialect-2-2,kuwait_dialect,2,200,"ما معنى ""كشته""؟","شجار","أكل","رحلة برية","نوم",2,"رحلة برية"
kuwait_dialect-3-1,kuwait_dialect,3,300,"ما معنى ""سالفة""؟","مشكلة","قصة أو حكاية","سفرة","وليمة",1,"قصة أو حكاية"
kuwait_dialect-3-2,kuwait_dialect,3,300,"ماذا تعني ""بعدين""؟","قبل","الآن","بعداً / لاحقاً","هنا",2,"بعداً / لاحقاً"
kuwait_dialect-4-1,kuwait_dialect,4,400,"ما معنى ""هوشة""؟","فرحة","مشكلة أو شجار","أكلة","لعبة",1,"مشكلة أو شجار"
kuwait_dialect-4-2,kuwait_dialect,4,400,"ماذا يعني ""عيشه"" كتعبير إيجابي؟","تعبان","رائع وحلو","قديم","غريب",1,"رائع وحلو"
kuwait_dialect-5-1,kuwait_dialect,5,500,"ما معنى ""أشوقك""؟","أكرهك","أفتقدك","أراك","أخاف منك",1,"أفتقدك"
kuwait_dialect-5-2,kuwait_dialect,5,500,"ما الكلمة الكويتية لـ""الآن هنا""؟","الحين","اللحين","بعدين","هنيه",0,"الحين"
kuwait_dialect-6-1,kuwait_dialect,6,600,"ماذا يعني ""خبل"" بالكويتي؟","شجاع","ذكي","مجنون أو متهور","بخيل",2,"مجنون أو متهور"
kuwait_dialect-6-2,kuwait_dialect,6,600,"ما معنى ""مدري""؟","أعرف","لا أعرف","أفهم","أشوف",1,"لا أعرف"
gcc_football-1-1,gcc_football,1,100,"كم مرة فاز منتخب الكويت بكأس الخليج؟","1","2","3","4",1,"2"
gcc_football-1-2,gcc_football,1,100,"أي دولة خليجية شاركت في كأس العالم 2022 في قطر؟","السعودية فقط","قطر فقط","السعودية وقطر والإمارات","السعودية وقطر",3,"السعودية وقطر"
gcc_football-2-1,gcc_football,2,200,"ما اسم بطولة كأس دول الخليج العربي بشكل رسمي؟","كأس الخليج","خليجي","كأس العرب","الخليج المتحد",0,"كأس الخليج"
gcc_football-2-2,gcc_football,2,200,"كم نسخة من كأس خليجي أقيمت حتى الآن تقريباً؟","15","20","26","30",2,"26"
gcc_football-3-1,gcc_football,3,300,"ما اسم الملعب الرئيسي في الكويت؟","ملعب عبدالله الصالم","ملعب جابر الدولي","ملعب الشيخ جابر","ملعب النفط",1,"ملعب جابر الدولي"
gcc_football-3-2,gcc_football,3,300,"أين أقيمت خليجي 25 عام 2023؟","الكويت","البصرة العراق","المنامة","الدوحة",1,"البصرة العراق"
gcc_football-4-1,gcc_football,4,400,"من هو أسطورة الكرة الكويتية الملقّب بـ""صاروخ الخليج""؟","جاسم يعقوب","فيصل الدخيل","باسم مرزوق","علي محمد",0,"جاسم يعقوب"
gcc_football-4-2,gcc_football,4,400,"ما أول كأس عالم شاركت فيه الكويت؟","1974","1978","1982","1986",2,"1982"
gcc_football-5-1,gcc_football,5,500,"ضد من لعبت الكويت في كأس العالم 1982؟","إيطاليا وتشيكوسلوفاكيا ويوغوسلافيا","البرازيل والأرجنتين وفرنسا","إسبانيا وهولندا وألمانيا","إنجلترا وبلجيكا وبولندا",0,"إيطاليا وتشيكوسلوفاكيا ويوغوسلافيا"
gcc_football-5-2,gcc_football,5,500,"من سجّل هدف الكويت الوحيد في كأس العالم 1982؟","جاسم يعقوب","فيصل الدخيل","باسم مرزوق","خليل بدير",1,"فيصل الدخيل"
gcc_football-6-1,gcc_football,6,600,"في أي عام أُسس الاتحاد الكويتي لكرة القدم؟","1952","1959","1966","1970",0,"1952"
gcc_football-6-2,gcc_football,6,600,"كم هدفاً سجّل منتخب الكويت في كأس العالم 1982؟","0","1","2","3",1,"1"
diwaniya-1-1,diwaniya,1,100,"ما هي الديوانية؟","مطعم شعبي","مجلس اجتماعي خاص","سوق تقليدي","ملعب رياضي",1,"مجلس اجتماعي خاص"
diwaniya-1-2,diwaniya,1,100,"في أي يوم تُقام معظم الديوانيات الكويتية عادة؟","الجمعة فقط","الاثنين والخميس","الثلاثاء والأربعاء","يومياً",1,"الاثنين والخميس"
diwaniya-2-1,diwaniya,2,200,"ما المشروب الأساسي الذي يُقدَّم في الديوانية؟","الشاي فقط","القهوة العربية","العصير","الحليب",1,"القهوة العربية"
diwaniya-2-2,diwaniya,2,200,"ماذا يُسمى الرداء الخليجي الطويل الذي يرتديه الرجال؟","جلابية","دشداشة","قفطان","عباءة",1,"دشداشة"
diwaniya-3-1,diwaniya,3,300,"ما معنى ""دلة"" في الثقافة الخليجية؟","السيف التقليدي","إناء القهوة العربية","الطبلة","لباس العروس",1,"إناء القهوة العربية"
diwaniya-3-2,diwaniya,3,300,"ما اسم رياضة الصيد بالطيور التقليدية في الخليج؟","الفروسية","القنص","الصقارة","الهوارة",2,"الصقارة"
diwaniya-4-1,diwaniya,4,400,"ما اسم الرياضة البحرية التقليدية التي اشتُهرت بها الكويت قديماً؟","صيد الأسماك","الغوص على اللؤلؤ","قوارب الشراع","صيد السلاحف",1,"الغوص على اللؤلؤ"
diwaniya-4-2,diwaniya,4,400,"ما اسم الفن الشعبي الغنائي الخليجي المرتبط بالبحر؟","الفجري","الليوا","السامري","الخماري",0,"الفجري"
diwaniya-5-1,diwaniya,5,500,"من هو ناصر المسرح الكويتي؟","علي المفيدي","سعد الفرج","عبدالحسين عبدالرضا","محمد المنصور",2,"عبدالحسين عبدالرضا"
diwaniya-5-2,diwaniya,5,500,"ما اسم أقدم سوق شعبي في الكويت؟","سوق المباركية","سوق الخضار","سوق الذهب","سوق الجمعة",0,"سوق المباركية"
diwaniya-6-1,diwaniya,6,600,"في أي عام أُضيفت الديوانية لقائمة التراث غير المادي لليونسكو؟","2010","2015","2019","2022",2,"2019"
diwaniya-6-2,diwaniya,6,600,"ما اسم الشاعر الكويتي الشعبي الملقّب بـ""شاعر الخليج""؟","فهد عسكر","عبدالله الفرج","خالد الفرج","محمد الفايز",2,"خالد الفرج"
kuwait_food-1-1,kuwait_food,1,100,"ما هو الطبق الكويتي الرئيسي المكوّن من الأرز والسمك؟","المجبوس","المفطوح","الهريس","الباجلة",0,"المجبوس"
kuwait_food-1-2,kuwait_food,1,100,"ما اسم الحلوى الكويتية المصنوعة من الدقيق والتمر؟","البلاليط","الجريش","الغريبة","المحلبية",2,"الغريبة"
kuwait_food-2-1,kuwait_food,2,200,"ما هو المشروب الخليجي الشهير الحامض؟","الدراق","اللوزينة","الليمي","السكنجبين",2,"الليمي"
kuwait_food-2-2,kuwait_food,2,200,"ما اسم الأكلة الكويتية الشعبية المصنوعة من الباجلة؟","باجلة بالزبدة","مطبق","هريسة","مرقوق",0,"باجلة بالزبدة"
kuwait_food-3-1,kuwait_food,3,300,"ما هو الطبق الكويتي الاحتفالي الشهير في رمضان والأعراس؟","الغزي","الهريس","الكوزي","المندي",1,"الهريس"
kuwait_food-3-2,kuwait_food,3,300,"ما اسم التمر الكويتي الشهير والمتميّز؟","المجدول","الزاهدي","خلاص الكويت","الخنيزي",2,"خلاص الكويت"
kuwait_food-4-1,kuwait_food,4,400,"ما اسم الخبز الكويتي التقليدي المصنوع في التنور؟","الخبز المصري","الرقاق","البراز","الخمير",1,"الرقاق"
kuwait_food-4-2,kuwait_food,4,400,"ما هو التوابل الأساسية في المجبوس؟","الكمون والكركم فقط","البزار والزعفران والورد","الفلفل والملح فقط","الهيل والقرفة فقط",1,"البزار والزعفران والورد"
kuwait_food-5-1,kuwait_food,5,500,"ما المكوّن الرئيسي في طبق ""المطبق"" الكويتي؟","السمك","اللحم أو البيض","الدجاج","الجبن",1,"اللحم أو البيض"
kuwait_food-5-2,kuwait_food,5,500,"ما اسم المشروب الكويتي التقليدي البارد المصنوع من الزبيب؟","عرق السوس","قمر الدين","خشاف","السواف",2,"خشاف"
kuwait_food-6-2,kuwait_food,6,600,"من هو الطاهي الكويتي المشهور عالمياً بمطابخه في الكويت؟","وليد الطبيخي","ناصر الصقعبي","فهد الحمد","بدر الدوسري",1,"ناصر الصقعبي"
kuwait_food-6-1,kuwait_food,6,600,"ما اسم الأكلة المصنوعة من الرز المطبوخ باللحم في التنور الكويتية القديمة؟","الكبسة","المعروب","الغزي","العيش الحمر",2,"الغزي"
kuwait_celebs-1-1,kuwait_celebs,1,100,"من هو أشهر فنان كوميدي كويتي وأحد رواد المسرح الكويتي؟","طارق العلي","داوود حسين","عبدالحسين عبدالرضا","أحمد السلمان",2,"عبدالحسين عبدالرضا"
kuwait_celebs-1-2,kuwait_celebs,1,100,"ما اسم المطرب الكويتي صاحب أغنية ""بساطة""؟","ناصر الفراعنة","عبدالله الرويشد","نوال الكويتية","عبدالله البريكي",1,"عبدالله الرويشد"
kuwait_celebs-2-1,kuwait_celebs,2,200,"من هي أشهر مطربة كويتية في الثمانينيات والتسعينيات؟","أصيل أبو بكر","نوال الكويتية","إيمان","نجوى كرم",1,"نوال الكويتية"
kuwait_celebs-2-2,kuwait_celebs,2,200,"ما اسم الكاتب الكويتي الشهير صاحب كتاب ""يا مال الشام""؟","إسماعيل فهد إسماعيل","سعد الدوسري","خالد النجار","طلال سعيد",0,"إسماعيل فهد إسماعيل"
kuwait_celebs-3-1,kuwait_celebs,3,300,"أي كويتي فاز بلقب ""ملك العود""؟","عبدالله الرويشد","عبدالكريم عبدالقادر","شادي الخليج","فهد بكر",1,"عبدالكريم عبدالقادر"
kuwait_celebs-3-2,kuwait_celebs,3,300,"من هو الكاتب الكويتي الذي رسم شخصية ""بوذياب""؟","محمد الشارخ","بكر الشعب","حمد البلوشي","خالد الحصين",0,"محمد الشارخ"
kuwait_celebs-4-1,kuwait_celebs,4,400,"من هو رجل الأعمال الكويتي مؤسس مجموعة زين للاتصالات؟","الشيخ سعود العبدالله","صالح الراشد","ناصر المرزوق","محمد الخليفة",0,"الشيخ سعود العبدالله"
kuwait_celebs-4-2,kuwait_celebs,4,400,"من هي أول امرأة كويتية تترشح للانتخابات البرلمانية؟","معصومة المبارك","أسيل العوضي","سلوى الجسار","هيا الرجيب",0,"معصومة المبارك"
kuwait_celebs-5-1,kuwait_celebs,5,500,"من هو الاقتصادي الكويتي المعروف ومستشار الأمم المتحدة؟","يعقوب يوسف","أنور الشيخ","علي الصريف","حمزة الزيد",0,"يعقوب يوسف"
kuwait_celebs-5-2,kuwait_celebs,5,500,"ما اسم الروائي الكويتي الفائز بجائزة عربية أدبية رفيعة؟","إسماعيل فهد إسماعيل","طالب الرفاعي","عبدالله الناصر","سعد محيو",1,"طالب الرفاعي"
kuwait_celebs-6-1,kuwait_celebs,6,600,"من هو أول كويتي يفوز بمقعد في رواد الفضاء؟","سالم الزهراني","علي القحطاني","شيخة الحمدان","اليعقوب",2,"شيخة الحمدان"
kuwait_celebs-6-2,kuwait_celebs,6,600,"ما اسم رئيس الاتحاد الكويتي لكرة القدم الأطول خدمةً؟","أحمد اليوسف","نواف الموسى","محمد الصالح","علي الخليفة",0,"أحمد اليوسف"